,subject_id,condition,choice,rt,p1,g1,last_stage_favours,g0,p0,m1,presentation01,m0,choice_formatted,model,pred_mean_rt,pred_p_choose_0,pred_choice,pred_rt
0,162,exp_73,0.0,0.724,0.2,0.5,1.0,0.5,0.8,0.6799999999999999,1.0,0.4,1.0,TwoStageWithin,0.3347,0.9597,1,0.5189
1,162,exp_69,1.0,1.349,0.51,0.5,0.0,0.5,0.72,0.52,1.0,0.42000000000000004,0.0,TwoStageWithin,0.5596,0.6456,0,0.3244
2,162,exp_90,1.0,0.534,0.38,0.4,0.0,0.6,0.5,0.4,0.0,0.3,0.0,TwoStageWithin,0.5745,0.546,1,0.2301
3,162,exp_57,1.0,0.659,0.21,0.5,1.0,0.5,0.41,0.62,1.0,0.18,0.0,TwoStageWithin,0.524,0.2479,0,0.1969
4,162,exp_36,0.0,0.436,0.7,0.6,0.0,0.4,0.79,0.32,0.0,0.2,1.0,TwoStageWithin,0.5362,0.2773,0,0.2079
5,162,catch_1,1.0,0.347,0.41,0.5,1.0,0.5,0.29,0.5900000000000001,1.0,0.42000000000000004,0.0,TwoStageWithin,0.4193,0.0992,0,0.7429
6,162,exp_30,0.0,0.406,0.17,0.6,1.0,0.4,0.3,0.3,0.0,0.2,1.0,TwoStageWithin,0.5753,0.4672,0,0.3346
7,162,exp_84,1.0,0.712,0.29,0.6,0.0,0.4,0.61,0.8099999999999999,0.0,0.22000000000000003,0.0,TwoStageWithin,0.4631,0.1467,0,0.5508
8,162,exp_117,1.0,0.449,0.22,0.5,0.0,0.5,0.49,0.79,1.0,0.42000000000000004,0.0,TwoStageWithin,0.5666,0.6113,1,0.2397
9,162,exp_68,0.0,0.404,0.51,0.6,0.0,0.4,0.72,0.52,0.0,0.42000000000000004,1.0,TwoStageWithin,0.5432,0.7033,0,1.0251
10,162,exp_60,1.0,0.47,0.21,0.6,0.0,0.4,0.41,0.62,0.0,0.18,0.0,TwoStageWithin,0.5444,0.3001,0,0.6605
11,162,exp_98,0.0,0.398,0.38,0.4,0.0,0.6,0.58,0.6900000000000001,0.0,0.49000000000000005,1.0,TwoStageWithin,0.5615,0.6372,0,0.2264
12,162,exp_20,1.0,0.407,0.17,0.6,0.0,0.4,0.28,0.8300000000000001,0.0,0.43,0.0,TwoStageWithin,0.5743,0.4505,1,0.2477
13,162,exp_80,1.0,0.358,0.29,0.4,1.0,0.6,0.61,0.8099999999999999,0.0,0.22000000000000003,0.0,TwoStageWithin,0.4116,0.0922,0,0.2273
14,162,exp_113,1.0,0.444,0.22,0.5,1.0,0.5,0.49,0.79,1.0,0.42000000000000004,0.0,TwoStageWithin,0.5666,0.6113,0,0.8717
15,162,exp_58,1.0,0.048,0.21,0.4,0.0,0.6,0.41,0.62,0.0,0.18,0.0,TwoStageWithin,0.5444,0.3001,1,0.6995
16,162,exp_42,1.0,0.337,0.48,0.4,0.0,0.6,0.81,0.79,0.0,0.16999999999999996,0.0,TwoStageWithin,0.2573,0.0125,0,0.2446
17,162,exp_22,1.0,0.515,0.17,0.6,1.0,0.4,0.28,0.8300000000000001,0.0,0.43,0.0,TwoStageWithin,0.5524,0.3262,0,0.1411
18,162,catch_7,1.0,0.332,0.48,0.5,1.0,0.5,0.28,0.52,1.0,0.21000000000000002,0.0,TwoStageWithin,0.3127,0.0303,0,0.1942
19,162,exp_107,0.0,0.499,0.4,0.5,0.0,0.5,0.78,0.3,1.0,0.21000000000000002,1.0,TwoStageWithin,0.5538,0.6686,0,0.4718
20,162,exp_37,0.0,0.524,0.7,0.5,0.0,0.5,0.79,0.32,1.0,0.2,1.0,TwoStageWithin,0.5144,0.2277,0,0.1967
21,162,exp_3,1.0,0.366,0.49,0.5,0.0,0.5,0.79,0.8300000000000001,1.0,0.53,0.0,TwoStageWithin,0.5761,0.5065,0,0.4867
22,162,exp_35,1.0,0.442,0.7,0.5,0.0,0.5,0.79,0.32,1.0,0.2,0.0,TwoStageWithin,0.5144,0.2277,0,0.7657
23,162,exp_29,0.0,0.648,0.17,0.5,0.0,0.5,0.3,0.3,1.0,0.2,1.0,TwoStageWithin,0.5753,0.5329,0,0.2765
24,162,exp_53,0.0,0.825,0.32,0.5,0.0,0.5,0.49,0.82,1.0,0.6900000000000001,1.0,TwoStageWithin,0.5046,0.7907,1,0.2928
25,162,exp_50,1.0,0.464,0.32,0.4,0.0,0.6,0.49,0.82,0.0,0.6900000000000001,0.0,TwoStageWithin,0.4796,0.831,1,0.231
26,162,exp_82,1.0,0.332,0.29,0.4,0.0,0.6,0.61,0.8099999999999999,0.0,0.22000000000000003,0.0,TwoStageWithin,0.4631,0.1467,0,0.9839
27,162,exp_40,1.0,1.053,0.48,0.4,1.0,0.6,0.81,0.79,0.0,0.16999999999999996,0.0,TwoStageWithin,0.2321,0.0074,0,0.067
28,162,catch_5,1.0,0.539,0.49,0.5,1.0,0.5,0.4,0.43,1.0,0.32,0.0,TwoStageWithin,0.4884,0.1822,0,0.5214
29,162,exp_108,0.0,0.564,0.4,0.6,0.0,0.4,0.78,0.3,0.0,0.21000000000000002,1.0,TwoStageWithin,0.5356,0.7242,1,0.4944
30,162,catch_3,1.0,0.305,0.38,0.5,1.0,0.5,0.19,0.6799999999999999,1.0,0.58,0.0,TwoStageWithin,0.3727,0.0624,0,0.3711
31,162,exp_64,1.0,0.359,0.51,0.4,1.0,0.6,0.72,0.52,0.0,0.42000000000000004,0.0,TwoStageWithin,0.5708,0.5833,0,0.8899
32,162,exp_15,1.0,0.39,0.29,0.5,1.0,0.5,0.7,0.5,1.0,0.18,0.0,TwoStageWithin,0.566,0.3854,0,0.2784
33,162,exp_74,0.0,0.294,0.2,0.4,0.0,0.6,0.8,0.6799999999999999,0.0,0.4,1.0,TwoStageWithin,0.3151,0.9687,1,0.1875
34,162,exp_26,0.0,0.667,0.17,0.4,0.0,0.6,0.3,0.3,0.0,0.2,1.0,TwoStageWithin,0.5688,0.5975,1,0.6451
35,162,exp_91,1.0,0.156,0.38,0.5,0.0,0.5,0.5,0.4,1.0,0.3,0.0,TwoStageWithin,0.5758,0.4803,0,0.3037
36,162,exp_94,0.0,0.292,0.38,0.6,1.0,0.4,0.5,0.4,0.0,0.3,1.0,TwoStageWithin,0.5707,0.4153,1,0.3991
37,162,exp_46,1.0,0.27,0.48,0.6,1.0,0.4,0.81,0.79,0.0,0.16999999999999996,0.0,TwoStageWithin,0.2321,0.0074,0,0.1346
38,162,exp_104,0.0,0.575,0.4,0.4,1.0,0.6,0.78,0.3,0.0,0.21000000000000002,1.0,TwoStageWithin,0.5672,0.6079,0,0.3291
39,162,catch_6,1.0,0.337,0.59,0.5,1.0,0.5,0.23,0.27,0.0,0.19,0.0,TwoStageWithin,0.4131,0.0936,0,0.4215
40,162,exp_45,1.0,0.282,0.48,0.5,0.0,0.5,0.81,0.79,1.0,0.16999999999999996,0.0,TwoStageWithin,0.2441,0.0096,0,0.1981
41,162,exp_8,1.0,0.468,0.29,0.4,1.0,0.6,0.7,0.5,0.0,0.18,0.0,TwoStageWithin,0.5522,0.3252,1,0.4498
42,162,catch_2,1.0,0.297,0.6,0.5,1.0,0.5,0.38,0.4,0.0,0.22000000000000003,0.0,TwoStageWithin,0.3426,0.0444,0,0.199
43,162,exp_18,0.0,0.323,0.17,0.4,0.0,0.6,0.28,0.8300000000000001,0.0,0.43,1.0,TwoStageWithin,0.5743,0.4505,1,0.2184
44,162,catch_4,1.0,0.322,0.31,0.5,1.0,0.5,0.19,0.73,0.0,0.4,0.0,TwoStageWithin,0.344,0.0451,0,0.3337
45,162,exp_23,1.0,0.321,0.17,0.5,1.0,0.5,0.28,0.8300000000000001,1.0,0.43,0.0,TwoStageWithin,0.5662,0.3865,1,0.3101
46,162,exp_101,1.0,0.319,0.38,0.5,0.0,0.5,0.58,0.6900000000000001,1.0,0.49000000000000005,0.0,TwoStageWithin,0.5719,0.5744,0,0.0873
47,162,exp_78,0.0,0.309,0.2,0.6,1.0,0.4,0.8,0.6799999999999999,0.0,0.4,1.0,TwoStageWithin,0.3559,0.9482,1,0.4791
48,162,exp_10,1.0,0.614,0.29,0.4,0.0,0.6,0.7,0.5,0.0,0.18,0.0,TwoStageWithin,0.5742,0.4493,0,0.1213
49,162,exp_88,1.0,0.579,0.38,0.4,1.0,0.6,0.5,0.4,0.0,0.3,0.0,TwoStageWithin,0.5707,0.4153,0,0.6933
50,162,exp_67,1.0,0.36,0.51,0.5,0.0,0.5,0.72,0.52,1.0,0.42000000000000004,0.0,TwoStageWithin,0.5596,0.6456,0,1.4175
51,162,exp_1,0.0,0.324,0.49,0.5,1.0,0.5,0.79,0.8300000000000001,1.0,0.53,1.0,TwoStageWithin,0.5761,0.5065,0,0.2958
52,162,exp_47,1.0,0.273,0.48,0.5,1.0,0.5,0.81,0.79,1.0,0.16999999999999996,0.0,TwoStageWithin,0.2441,0.0096,0,0.296
53,162,exp_9,1.0,0.381,0.29,0.5,1.0,0.5,0.7,0.5,1.0,0.18,0.0,TwoStageWithin,0.566,0.3854,0,0.1445
54,162,exp_27,0.0,0.277,0.17,0.5,0.0,0.5,0.3,0.3,1.0,0.2,1.0,TwoStageWithin,0.5753,0.5329,1,0.3905
55,162,exp_114,0.0,0.031,0.22,0.4,0.0,0.6,0.49,0.79,0.0,0.42000000000000004,1.0,TwoStageWithin,0.553,0.6717,1,0.6283
56,162,exp_102,0.0,0.322,0.38,0.6,1.0,0.4,0.58,0.6900000000000001,0.0,0.49000000000000005,1.0,TwoStageWithin,0.576,0.5091,0,0.8341
57,162,exp_116,0.0,0.316,0.22,0.6,0.0,0.4,0.49,0.79,0.0,0.42000000000000004,1.0,TwoStageWithin,0.553,0.6717,1,1.3084
58,162,exp_115,0.0,1.408,0.22,0.5,0.0,0.5,0.49,0.79,1.0,0.42000000000000004,1.0,TwoStageWithin,0.5666,0.6113,1,0.0798
59,162,catch_0,1.0,0.495,0.72,0.5,1.0,0.5,0.19,0.3,0.0,0.2,0.0,TwoStageWithin,0.3201,0.0334,0,0.1072
60,162,exp_19,0.0,0.375,0.17,0.5,0.0,0.5,0.28,0.8300000000000001,1.0,0.43,1.0,TwoStageWithin,0.5662,0.3865,0,1.2586
61,162,exp_89,0.0,0.481,0.38,0.5,1.0,0.5,0.5,0.4,1.0,0.3,1.0,TwoStageWithin,0.5758,0.4803,1,0.3498
62,162,exp_25,0.0,0.357,0.17,0.5,1.0,0.5,0.3,0.3,1.0,0.2,1.0,TwoStageWithin,0.5753,0.5329,0,0.2459
63,162,catch_8,1.0,0.256,0.32,0.5,1.0,0.5,0.22,0.5,0.0,0.37,0.0,TwoStageWithin,0.4699,0.1556,0,1.4441
64,162,exp_43,1.0,0.288,0.48,0.5,0.0,0.5,0.81,0.79,1.0,0.16999999999999996,0.0,TwoStageWithin,0.2441,0.0096,0,0.283
65,162,catch_9,1.0,0.272,0.72,0.5,1.0,0.5,0.48,0.4,1.0,0.18,0.0,TwoStageWithin,0.3021,0.026,0,0.6553
66,162,exp_99,0.0,0.281,0.38,0.5,0.0,0.5,0.58,0.6900000000000001,1.0,0.49000000000000005,1.0,TwoStageWithin,0.5719,0.5744,1,0.5295
67,162,exp_52,0.0,0.443,0.32,0.6,0.0,0.4,0.49,0.82,0.0,0.6900000000000001,1.0,TwoStageWithin,0.4796,0.831,0,0.4724
68,162,exp_96,0.0,0.332,0.38,0.4,1.0,0.6,0.58,0.6900000000000001,0.0,0.49000000000000005,1.0,TwoStageWithin,0.576,0.5091,1,0.1806
69,162,exp_59,1.0,0.308,0.21,0.5,0.0,0.5,0.41,0.62,1.0,0.18,0.0,TwoStageWithin,0.524,0.2479,1,0.1971
70,162,exp_87,1.0,0.483,0.29,0.5,1.0,0.5,0.61,0.8099999999999999,1.0,0.22000000000000003,0.0,TwoStageWithin,0.4371,0.1167,0,0.3132
71,162,exp_105,0.0,1.839,0.4,0.5,1.0,0.5,0.78,0.3,1.0,0.21000000000000002,1.0,TwoStageWithin,0.5538,0.6686,1,0.1645
72,162,catch_10,1.0,0.569,0.51,0.5,1.0,0.5,0.31,0.32,0.0,0.16999999999999996,0.0,TwoStageWithin,0.4181,0.0981,0,0.319
73,162,exp_32,1.0,0.601,0.7,0.4,1.0,0.6,0.79,0.32,0.0,0.2,0.0,TwoStageWithin,0.49,0.1847,0,0.1875
74,162,exp_33,1.0,0.481,0.7,0.5,1.0,0.5,0.79,0.32,1.0,0.2,0.0,TwoStageWithin,0.5144,0.2277,1,0.9111
75,162,exp_83,0.0,0.55,0.29,0.5,0.0,0.5,0.61,0.8099999999999999,1.0,0.22000000000000003,1.0,TwoStageWithin,0.4371,0.1167,0,0.4274
76,162,exp_11,1.0,0.323,0.29,0.5,0.0,0.5,0.7,0.5,1.0,0.18,0.0,TwoStageWithin,0.566,0.3854,0,2.2465
77,162,exp_4,0.0,0.332,0.49,0.6,0.0,0.4,0.79,0.8300000000000001,0.0,0.53,1.0,TwoStageWithin,0.5722,0.5719,0,1.18
78,162,exp_62,1.0,0.293,0.21,0.6,1.0,0.4,0.41,0.62,0.0,0.18,0.0,TwoStageWithin,0.5005,0.2021,0,1.0183
79,162,exp_81,1.0,0.345,0.29,0.5,1.0,0.5,0.61,0.8099999999999999,1.0,0.22000000000000003,0.0,TwoStageWithin,0.4371,0.1167,0,0.536
80,162,exp_93,1.0,0.324,0.38,0.5,0.0,0.5,0.5,0.4,1.0,0.3,0.0,TwoStageWithin,0.5758,0.4803,1,0.4147
81,162,exp_71,1.0,0.332,0.51,0.5,1.0,0.5,0.72,0.52,1.0,0.42000000000000004,0.0,TwoStageWithin,0.5596,0.6456,1,0.2322
82,162,exp_72,0.0,0.299,0.2,0.4,1.0,0.6,0.8,0.6799999999999999,0.0,0.4,1.0,TwoStageWithin,0.3559,0.9482,1,0.5454
83,162,exp_34,1.0,0.294,0.7,0.4,0.0,0.6,0.79,0.32,0.0,0.2,0.0,TwoStageWithin,0.5362,0.2773,1,0.6461
84,162,exp_110,1.0,0.294,0.4,0.6,1.0,0.4,0.78,0.3,0.0,0.21000000000000002,0.0,TwoStageWithin,0.5672,0.6079,1,0.9186
85,162,exp_77,0.0,0.304,0.2,0.5,0.0,0.5,0.8,0.6799999999999999,1.0,0.4,1.0,TwoStageWithin,0.3347,0.9597,1,0.1491
86,162,exp_21,0.0,0.282,0.17,0.5,0.0,0.5,0.28,0.8300000000000001,1.0,0.43,1.0,TwoStageWithin,0.5662,0.3865,1,0.605
87,162,exp_48,0.0,0.583,0.32,0.4,1.0,0.6,0.49,0.82,0.0,0.6900000000000001,1.0,TwoStageWithin,0.5276,0.7438,1,0.2535
88,162,catch_14,1.0,0.315,0.28,0.5,1.0,0.5,0.22,0.79,0.0,0.41,0.0,TwoStageWithin,0.3715,0.0616,0,0.1635
89,162,exp_54,0.0,0.334,0.32,0.6,1.0,0.4,0.49,0.82,0.0,0.6900000000000001,1.0,TwoStageWithin,0.5276,0.7438,0,1.1464
90,162,exp_17,0.0,0.33,0.17,0.5,1.0,0.5,0.28,0.8300000000000001,1.0,0.43,1.0,TwoStageWithin,0.5662,0.3865,0,0.0929
91,162,exp_118,0.0,0.344,0.22,0.6,1.0,0.4,0.49,0.79,0.0,0.42000000000000004,1.0,TwoStageWithin,0.5744,0.5472,0,0.7415
92,162,exp_76,0.0,0.313,0.2,0.6,0.0,0.4,0.8,0.6799999999999999,0.0,0.4,1.0,TwoStageWithin,0.3151,0.9687,1,0.8102
93,162,exp_70,0.0,0.142,0.51,0.6,1.0,0.4,0.72,0.52,0.0,0.42000000000000004,1.0,TwoStageWithin,0.5708,0.5833,0,0.2744
94,162,catch_18,1.0,0.284,0.37,0.5,1.0,0.5,0.19,0.38,0.0,0.31,0.0,TwoStageWithin,0.468,0.153,0,0.1282
95,162,exp_92,1.0,0.523,0.38,0.6,0.0,0.4,0.5,0.4,0.0,0.3,0.0,TwoStageWithin,0.5745,0.546,1,0.7597
96,162,catch_19,1.0,0.507,0.59,0.5,1.0,0.5,0.48,0.48,1.0,0.31,0.0,TwoStageWithin,0.3954,0.0788,0,0.1011
97,162,catch_15,1.0,0.323,0.49,0.5,1.0,0.5,0.22,0.49000000000000005,1.0,0.3,0.0,TwoStageWithin,0.3373,0.0416,0,0.9359
98,162,exp_28,0.0,0.5,0.17,0.6,0.0,0.4,0.3,0.3,0.0,0.2,1.0,TwoStageWithin,0.5688,0.5975,0,0.2117
99,162,catch_11,1.0,0.322,0.58,0.5,1.0,0.5,0.18,0.5,1.0,0.16999999999999996,0.0,TwoStageWithin,0.2429,0.0093,0,0.2574
100,162,exp_119,0.0,0.321,0.22,0.5,1.0,0.5,0.49,0.79,1.0,0.42000000000000004,1.0,TwoStageWithin,0.5666,0.6113,1,1.4452
101,162,catch_13,1.0,0.353,0.52,0.5,1.0,0.5,0.21,0.27999999999999997,1.0,0.18,0.0,TwoStageWithin,0.4515,0.1326,1,0.6883
102,162,exp_111,0.0,0.268,0.4,0.5,1.0,0.5,0.78,0.3,1.0,0.21000000000000002,1.0,TwoStageWithin,0.5538,0.6686,1,0.3284
103,162,catch_17,1.0,0.33,0.68,0.5,1.0,0.5,0.4,0.3,1.0,0.22000000000000003,0.0,TwoStageWithin,0.4357,0.1152,0,0.4944
104,162,exp_65,1.0,0.336,0.51,0.5,1.0,0.5,0.72,0.52,1.0,0.42000000000000004,0.0,TwoStageWithin,0.5596,0.6456,0,0.3105
105,162,catch_16,1.0,0.374,0.37,0.5,1.0,0.5,0.32,0.78,0.0,0.6799999999999999,0.0,TwoStageWithin,0.4794,0.1688,0,0.3158
106,162,exp_55,0.0,0.182,0.32,0.5,1.0,0.5,0.49,0.82,1.0,0.6900000000000001,1.0,TwoStageWithin,0.5046,0.7907,1,0.2168
107,162,exp_24,0.0,0.298,0.17,0.4,1.0,0.6,0.3,0.3,0.0,0.2,1.0,TwoStageWithin,0.5753,0.4672,1,0.5434
108,162,exp_106,0.0,0.663,0.4,0.4,0.0,0.6,0.78,0.3,0.0,0.21000000000000002,1.0,TwoStageWithin,0.5356,0.7242,1,2.6003
109,162,exp_16,1.0,0.341,0.17,0.4,1.0,0.6,0.28,0.8300000000000001,0.0,0.43,0.0,TwoStageWithin,0.5524,0.3262,1,0.0581
110,162,exp_86,1.0,0.314,0.29,0.6,1.0,0.4,0.61,0.8099999999999999,0.0,0.22000000000000003,0.0,TwoStageWithin,0.4116,0.0922,1,0.0858
111,162,catch_12,1.0,0.381,0.47,0.5,1.0,0.5,0.23,0.6,0.0,0.5,0.0,TwoStageWithin,0.3251,0.0357,0,0.4411
112,162,exp_38,1.0,0.356,0.7,0.6,1.0,0.4,0.79,0.32,0.0,0.2,0.0,TwoStageWithin,0.49,0.1847,0,1.0782
113,162,exp_100,0.0,0.335,0.38,0.6,0.0,0.4,0.58,0.6900000000000001,0.0,0.49000000000000005,1.0,TwoStageWithin,0.5615,0.6372,1,0.1362
114,162,exp_14,1.0,0.338,0.29,0.6,1.0,0.4,0.7,0.5,0.0,0.18,0.0,TwoStageWithin,0.5522,0.3252,0,0.1163
115,162,exp_109,1.0,0.722,0.4,0.5,0.0,0.5,0.78,0.3,1.0,0.21000000000000002,0.0,TwoStageWithin,0.5538,0.6686,0,0.6916
116,162,exp_0,1.0,0.325,0.49,0.4,1.0,0.6,0.79,0.8300000000000001,0.0,0.53,0.0,TwoStageWithin,0.5735,0.441,1,0.5131
117,162,exp_12,1.0,0.321,0.29,0.6,0.0,0.4,0.7,0.5,0.0,0.18,0.0,TwoStageWithin,0.5742,0.4493,1,1.085
118,162,exp_13,1.0,0.309,0.29,0.5,0.0,0.5,0.7,0.5,1.0,0.18,0.0,TwoStageWithin,0.566,0.3854,1,0.232
119,162,exp_63,1.0,0.282,0.21,0.5,1.0,0.5,0.41,0.62,1.0,0.18,0.0,TwoStageWithin,0.524,0.2479,1,0.3081
120,162,exp_41,1.0,0.296,0.48,0.5,1.0,0.5,0.81,0.79,1.0,0.16999999999999996,0.0,TwoStageWithin,0.2441,0.0096,0,0.1297
121,162,exp_49,0.0,0.406,0.32,0.5,1.0,0.5,0.49,0.82,1.0,0.6900000000000001,1.0,TwoStageWithin,0.5046,0.7907,0,0.4077
122,162,exp_56,1.0,0.279,0.21,0.4,1.0,0.6,0.41,0.62,0.0,0.18,0.0,TwoStageWithin,0.5005,0.2021,1,0.1499
123,162,exp_103,0.0,0.312,0.38,0.5,1.0,0.5,0.58,0.6900000000000001,1.0,0.49000000000000005,1.0,TwoStageWithin,0.5719,0.5744,1,0.3361
124,162,exp_2,1.0,0.469,0.49,0.4,0.0,0.6,0.79,0.8300000000000001,0.0,0.53,0.0,TwoStageWithin,0.5722,0.5719,1,0.0916
125,162,exp_97,0.0,0.302,0.38,0.5,1.0,0.5,0.58,0.6900000000000001,1.0,0.49000000000000005,1.0,TwoStageWithin,0.5719,0.5744,0,0.1407
126,162,exp_95,1.0,0.319,0.38,0.5,1.0,0.5,0.5,0.4,1.0,0.3,0.0,TwoStageWithin,0.5758,0.4803,0,0.0943
127,162,exp_44,1.0,0.303,0.48,0.6,0.0,0.4,0.81,0.79,0.0,0.16999999999999996,0.0,TwoStageWithin,0.2573,0.0125,0,0.3402
128,162,exp_79,0.0,0.315,0.2,0.5,1.0,0.5,0.8,0.6799999999999999,1.0,0.4,1.0,TwoStageWithin,0.3347,0.9597,1,0.5995
129,162,exp_5,1.0,0.304,0.49,0.5,0.0,0.5,0.79,0.8300000000000001,1.0,0.53,0.0,TwoStageWithin,0.5761,0.5065,1,0.8691
130,162,exp_31,1.0,0.717,0.17,0.5,1.0,0.5,0.3,0.3,1.0,0.2,0.0,TwoStageWithin,0.5753,0.5329,1,0.4495
131,162,exp_6,1.0,0.335,0.49,0.6,1.0,0.4,0.79,0.8300000000000001,0.0,0.53,0.0,TwoStageWithin,0.5735,0.441,0,0.0816
132,162,exp_85,1.0,0.299,0.29,0.5,0.0,0.5,0.61,0.8099999999999999,1.0,0.22000000000000003,0.0,TwoStageWithin,0.4371,0.1167,0,0.2219
133,162,exp_51,0.0,0.321,0.32,0.5,0.0,0.5,0.49,0.82,1.0,0.6900000000000001,1.0,TwoStageWithin,0.5046,0.7907,1,0.6073
134,162,exp_66,0.0,0.247,0.51,0.4,0.0,0.6,0.72,0.52,0.0,0.42000000000000004,1.0,TwoStageWithin,0.5432,0.7033,1,0.6195
135,162,exp_39,1.0,0.317,0.7,0.5,1.0,0.5,0.79,0.32,1.0,0.2,0.0,TwoStageWithin,0.5144,0.2277,0,0.3837
136,162,exp_75,0.0,0.137,0.2,0.5,0.0,0.5,0.8,0.6799999999999999,1.0,0.4,1.0,TwoStageWithin,0.3347,0.9597,1,0.5757
137,162,exp_112,0.0,0.33,0.22,0.4,1.0,0.6,0.49,0.79,0.0,0.42000000000000004,1.0,TwoStageWithin,0.5744,0.5472,0,0.4846
138,162,exp_61,1.0,0.378,0.21,0.5,0.0,0.5,0.41,0.62,1.0,0.18,0.0,TwoStageWithin,0.524,0.2479,1,0.1458
139,162,exp_7,1.0,0.298,0.49,0.5,1.0,0.5,0.79,0.8300000000000001,1.0,0.53,0.0,TwoStageWithin,0.5761,0.5065,1,0.246
